{"v":"5.0.0","fr":25,"ip":0,"op":126,"w":1080,"h":1080,"nm":"dyslexia","ddd":0,"assets":[],"layers":[{"ddd":0,"ind":1,"ty":3,"nm":"NULL CONTROL","sr":1,"ks":{"o":{"a":0,"k":95,"ix":11},"r":{"a":0,"k":0,"ix":10},"p":{"a":0,"k":[540,527.4,0],"ix":2},"a":{"a":0,"k":[60,0,0],"ix":1},"s":{"a":0,"k":[20,20,100],"ix":6}},"ao":0,"ip":0,"op":126,"st":0,"bm":0},{"ddd":0,"ind":2,"ty":4,"nm":"Group 1","parent":1,"sr":1,"ks":{"o":{"a":0,"k":95,"ix":11},"r":{"a":0,"k":45,"ix":10,"x":"var $bm_rt;\n$bm_rt = sum(30, mul(time, 215));"},"p":{"a":0,"k":[68.94,44.515,0],"ix":2},"a":{"a":0,"k":[0,-12.771,0],"ix":1},"s":{"a":1,"k":[{"i":{"x":[0.667,0.667,0.667],"y":[1,1,1]},"o":{"x":[0.333,0.333,0.333],"y":[0,0,0]},"n":["0p667_1_0p333_0","0p667_1_0p333_0","0p667_1_0p333_0"],"t":0,"s":[70,70,100],"e":[90,90,100]},{"i":{"x":[0.667,0.667,0.667],"y":[1,1,1]},"o":{"x":[0.333,0.333,0.333],"y":[0,0,0]},"n":["0p667_1_0p333_0","0p667_1_0p333_0","0p667_1_0p333_0"],"t":31.5,"s":[90,90,100],"e":[70,70,100]},{"t":63}],"ix":6,"x":"var $bm_rt;\nif (time <= key(1).time)\n    $bm_rt = loopIn('cycle');\nelse\n    $bm_rt = loopOut('cycle');"}},"ao":0,"shapes":[{"ty":"gr","it":[{"ind":0,"ty":"sh","ix":1,"ks":{"a":0,"k":{"i":[[0,-7.053],[7.053,0],[0,7.053],[-7.053,0]],"o":[[0,7.053],[-7.053,0],[0,-7.053],[7.053,0]],"v":[[12.771,0],[0,12.771],[-12.771,0],[0,-12.771]],"c":true},"ix":2},"nm":"Path 1","mn":"ADBE Vector Shape - Group","hd":false},{"ty":"fl","c":{"a":0,"k":[0.196078434587,0.57647061348,0.741176486015,1],"ix":4},"o":{"a":0,"k":100,"ix":5},"r":1,"nm":"Fill 1","mn":"ADBE Vector Graphic - Fill","hd":false},{"ty":"tr","p":{"a":0,"k":[0,0],"ix":2},"a":{"a":0,"k":[0,0],"ix":1},"s":{"a":0,"k":[100,100],"ix":3},"r":{"a":0,"k":0,"ix":6},"o":{"a":0,"k":100,"ix":7},"sk":{"a":0,"k":0,"ix":4},"sa":{"a":0,"k":0,"ix":5},"nm":"Transform"}],"nm":"Group 1","np":2,"cix":2,"ix":1,"mn":"ADBE Vector Group","hd":false}],"ip":0,"op":126,"st":0,"bm":0},{"ddd":0,"ind":3,"ty":4,"nm":"Group 2","parent":1,"sr":1,"ks":{"o":{"a":0,"k":95,"ix":11},"r":{"a":0,"k":-52,"ix":10,"x":"var $bm_rt;\n$bm_rt = sum(70, mul(time, -215));"},"p":{"a":0,"k":[109.701,41.91,0],"ix":2},"a":{"a":0,"k":[0,-37.779,0],"ix":1},"s":{"a":1,"k":[{"i":{"x":[0.667,0.667,0.667],"y":[1,1,1]},"o":{"x":[0.333,0.333,0.333],"y":[0,0,0]},"n":["0p667_1_0p333_0","0p667_1_0p333_0","0p667_1_0p333_0"],"t":0,"s":[70,70,100],"e":[90,90,100]},{"i":{"x":[0.667,0.667,0.667],"y":[1,1,1]},"o":{"x":[0.333,0.333,0.333],"y":[0,0,0]},"n":["0p667_1_0p333_0","0p667_1_0p333_0","0p667_1_0p333_0"],"t":31.5,"s":[90,90,100],"e":[70,70,100]},{"t":63}],"ix":6,"x":"var $bm_rt;\nif (time <= key(1).time)\n    $bm_rt = loopIn('cycle');\nelse\n    $bm_rt = loopOut('cycle');"}},"ao":0,"shapes":[{"ty":"gr","it":[{"ind":0,"ty":"sh","ix":1,"ks":{"a":0,"k":{"i":[[-20.865,0],[0,-20.865],[20.865,0],[0,20.865]],"o":[[20.865,0],[0,20.865],[-20.865,0],[0,-20.865]],"v":[[0,-37.779],[37.779,0],[0,37.779],[-37.779,0]],"c":true},"ix":2},"nm":"Path 1","mn":"ADBE Vector Shape - Group","hd":false},{"ty":"fl","c":{"a":0,"k":[0.945098039216,0.694117647059,0.729411764706,1],"ix":4},"o":{"a":0,"k":100,"ix":5},"r":1,"nm":"Fill 1","mn":"ADBE Vector Graphic - Fill","hd":false},{"ty":"tr","p":{"a":0,"k":[0,0],"ix":2},"a":{"a":0,"k":[0,0],"ix":1},"s":{"a":0,"k":[100,100],"ix":3},"r":{"a":0,"k":0,"ix":6},"o":{"a":0,"k":100,"ix":7},"sk":{"a":0,"k":0,"ix":4},"sa":{"a":0,"k":0,"ix":5},"nm":"Transform"}],"nm":"Group 2","np":2,"cix":2,"ix":1,"mn":"ADBE Vector Group","hd":false}],"ip":0,"op":126,"st":0,"bm":0},{"ddd":0,"ind":4,"ty":4,"nm":"Group 3","parent":1,"sr":1,"ks":{"o":{"a":0,"k":95,"ix":11},"r":{"a":0,"k":86,"ix":10,"x":"var $bm_rt;\n$bm_rt = sum(270, mul(time, 215));"},"p":{"a":0,"k":[-27.901,60,0],"ix":2},"a":{"a":0,"k":[0,-62.787,0],"ix":1},"s":{"a":1,"k":[{"i":{"x":[0.667,0.667,0.667],"y":[1,1,1]},"o":{"x":[0.333,0.333,0.333],"y":[0,0,0]},"n":["0p667_1_0p333_0","0p667_1_0p333_0","0p667_1_0p333_0"],"t":0,"s":[70,70,100],"e":[90,90,100]},{"i":{"x":[0.667,0.667,0.667],"y":[1,1,1]},"o":{"x":[0.333,0.333,0.333],"y":[0,0,0]},"n":["0p667_1_0p333_0","0p667_1_0p333_0","0p667_1_0p333_0"],"t":31.5,"s":[90,90,100],"e":[70,70,100]},{"t":63}],"ix":6,"x":"var $bm_rt;\nif (time <= key(1).time)\n    $bm_rt = loopIn('cycle');\nelse\n    $bm_rt = loopOut('cycle');"}},"ao":0,"shapes":[{"ty":"gr","it":[{"ind":0,"ty":"sh","ix":1,"ks":{"a":0,"k":{"i":[[-34.676,0],[0,-34.676],[34.676,0],[0,34.676]],"o":[[34.676,0],[0,34.676],[-34.676,0],[0,-34.676]],"v":[[0,-62.787],[62.787,0],[0,62.787],[-62.787,0]],"c":true},"ix":2},"nm":"Path 1","mn":"ADBE Vector Shape - Group","hd":false},{"ty":"fl","c":{"a":0,"k":[0.713725490196,0.772549019608,0.811764705882,1],"ix":4},"o":{"a":0,"k":100,"ix":5},"r":1,"nm":"Fill 1","mn":"ADBE Vector Graphic - Fill","hd":false},{"ty":"tr","p":{"a":0,"k":[0,0],"ix":2},"a":{"a":0,"k":[0,0],"ix":1},"s":{"a":0,"k":[100,100],"ix":3},"r":{"a":0,"k":0,"ix":6},"o":{"a":0,"k":100,"ix":7},"sk":{"a":0,"k":0,"ix":4},"sa":{"a":0,"k":0,"ix":5},"nm":"Transform"}],"nm":"Group 3","np":2,"cix":2,"ix":1,"mn":"ADBE Vector Group","hd":false}],"ip":0,"op":126,"st":0,"bm":0},{"ddd":0,"ind":5,"ty":4,"nm":"Group 4","parent":1,"sr":1,"ks":{"o":{"a":0,"k":95,"ix":11},"r":{"a":0,"k":-42,"ix":10,"x":"var $bm_rt;\n$bm_rt = mul(time, -215);"},"p":{"a":0,"k":[60,-62.912,0],"ix":2},"a":{"a":0,"k":[0,-87.794,0],"ix":1},"s":{"a":1,"k":[{"i":{"x":[0.667,0.667,0.667],"y":[1,1,1]},"o":{"x":[0.333,0.333,0.333],"y":[0,0,0]},"n":["0p667_1_0p333_0","0p667_1_0p333_0","0p667_1_0p333_0"],"t":0,"s":[70,70,100],"e":[90,90,100]},{"i":{"x":[0.667,0.667,0.667],"y":[1,1,1]},"o":{"x":[0.333,0.333,0.333],"y":[0,0,0]},"n":["0p667_1_0p333_0","0p667_1_0p333_0","0p667_1_0p333_0"],"t":31.5,"s":[90,90,100],"e":[70,70,100]},{"t":63}],"ix":6,"x":"var $bm_rt;\nif (time <= key(1).time)\n    $bm_rt = loopIn('cycle');\nelse\n    $bm_rt = loopOut('cycle');"}},"ao":0,"shapes":[{"ty":"gr","it":[{"ind":0,"ty":"sh","ix":1,"ks":{"a":0,"k":{"i":[[-48.488,0],[0,-48.488],[48.488,0],[0,48.488]],"o":[[48.488,0],[0,48.488],[-48.488,0],[0,-48.488]],"v":[[0,-87.794],[87.794,0],[0,87.794],[-87.794,0]],"c":true},"ix":2},"nm":"Path 1","mn":"ADBE Vector Shape - Group","hd":false},{"ty":"fl","c":{"a":0,"k":[0.941176474094,0.929411768913,0.823529422283,1],"ix":4},"o":{"a":0,"k":100,"ix":5},"r":1,"nm":"Fill 1","mn":"ADBE Vector Graphic - Fill","hd":false},{"ty":"tr","p":{"a":0,"k":[0,0],"ix":2},"a":{"a":0,"k":[0,0],"ix":1},"s":{"a":0,"k":[100,100],"ix":3},"r":{"a":0,"k":0,"ix":6},"o":{"a":0,"k":100,"ix":7},"sk":{"a":0,"k":0,"ix":4},"sa":{"a":0,"k":0,"ix":5},"nm":"Transform"}],"nm":"Group 4","np":2,"cix":2,"ix":1,"mn":"ADBE Vector Group","hd":false}],"ip":0,"op":126,"st":0,"bm":0},{"ddd":0,"ind":6,"ty":4,"nm":"Group 5","parent":1,"sr":1,"ks":{"o":{"a":0,"k":95,"ix":11},"r":{"a":0,"k":86,"ix":10,"x":"var $bm_rt;\n$bm_rt = sum(125, mul(time, 215));"},"p":{"a":0,"k":[189.363,150.581,0],"ix":2},"a":{"a":0,"k":[0,-112.802,0],"ix":1},"s":{"a":1,"k":[{"i":{"x":[0.667,0.667,0.667],"y":[1,1,1]},"o":{"x":[0.333,0.333,0.333],"y":[0,0,0]},"n":["0p667_1_0p333_0","0p667_1_0p333_0","0p667_1_0p333_0"],"t":0,"s":[70,70,100],"e":[90,90,100]},{"i":{"x":[0.667,0.667,0.667],"y":[1,1,1]},"o":{"x":[0.333,0.333,0.333],"y":[0,0,0]},"n":["0p667_1_0p333_0","0p667_1_0p333_0","0p667_1_0p333_0"],"t":31.5,"s":[90,90,100],"e":[70,70,100]},{"t":63}],"ix":6,"x":"var $bm_rt;\nif (time <= key(1).time)\n    $bm_rt = loopIn('cycle');\nelse\n    $bm_rt = loopOut('cycle');"}},"ao":0,"shapes":[{"ty":"gr","it":[{"ind":0,"ty":"sh","ix":1,"ks":{"a":0,"k":{"i":[[-62.299,0],[0,-62.299],[62.299,0],[0,62.299]],"o":[[62.299,0],[0,62.299],[-62.299,0],[0,-62.299]],"v":[[0,-112.802],[112.802,0],[0,112.802],[-112.802,0]],"c":true},"ix":2},"nm":"Path 1","mn":"ADBE Vector Shape - Group","hd":false},{"ty":"fl","c":{"a":0,"k":[0.980392158031,0.792156875134,0.003921568859,1],"ix":4},"o":{"a":0,"k":100,"ix":5},"r":1,"nm":"Fill 1","mn":"ADBE Vector Graphic - Fill","hd":false},{"ty":"tr","p":{"a":0,"k":[0,0],"ix":2},"a":{"a":0,"k":[0,0],"ix":1},"s":{"a":0,"k":[100,100],"ix":3},"r":{"a":0,"k":0,"ix":6},"o":{"a":0,"k":100,"ix":7},"sk":{"a":0,"k":0,"ix":4},"sa":{"a":0,"k":0,"ix":5},"nm":"Transform"}],"nm":"Group 5","np":2,"cix":2,"ix":1,"mn":"ADBE Vector Group","hd":false}],"ip":0,"op":126,"st":0,"bm":0},{"ddd":0,"ind":7,"ty":4,"nm":"Group 6","parent":1,"sr":1,"ks":{"o":{"a":0,"k":95,"ix":11},"r":{"a":0,"k":205,"ix":10,"x":"var $bm_rt;\n$bm_rt = sum(315, mul(time, -215));"},"p":{"a":0,"k":[-76.425,-76.425,0],"ix":2},"a":{"a":0,"k":[0,-137.81,0],"ix":1},"s":{"a":1,"k":[{"i":{"x":[0.667,0.667,0.667],"y":[1,1,1]},"o":{"x":[0.333,0.333,0.333],"y":[0,0,0]},"n":["0p667_1_0p333_0","0p667_1_0p333_0","0p667_1_0p333_0"],"t":0,"s":[70,70,100],"e":[90,90,100]},{"i":{"x":[0.667,0.667,0.667],"y":[1,1,1]},"o":{"x":[0.333,0.333,0.333],"y":[0,0,0]},"n":["0p667_1_0p333_0","0p667_1_0p333_0","0p667_1_0p333_0"],"t":31.5,"s":[90,90,100],"e":[70,70,100]},{"t":63}],"ix":6,"x":"var $bm_rt;\nif (time <= key(1).time)\n    $bm_rt = loopIn('cycle');\nelse\n    $bm_rt = loopOut('cycle');"}},"ao":0,"shapes":[{"ty":"gr","it":[{"ind":0,"ty":"sh","ix":1,"ks":{"a":0,"k":{"i":[[-76.11,0],[0,-76.11],[76.11,0],[0,76.11]],"o":[[76.11,0],[0,76.11],[-76.11,0],[0,-76.11]],"v":[[0,-137.81],[137.81,0],[0,137.81],[-137.81,0]],"c":true},"ix":2},"nm":"Path 1","mn":"ADBE Vector Shape - Group","hd":false},{"ty":"fl","c":{"a":0,"k":[0.560784339905,0.811764717102,0.760784327984,1],"ix":4},"o":{"a":0,"k":100,"ix":5},"r":1,"nm":"Fill 1","mn":"ADBE Vector Graphic - Fill","hd":false},{"ty":"tr","p":{"a":0,"k":[0,0],"ix":2},"a":{"a":0,"k":[0,0],"ix":1},"s":{"a":0,"k":[100,100],"ix":3},"r":{"a":0,"k":0,"ix":6},"o":{"a":0,"k":100,"ix":7},"sk":{"a":0,"k":0,"ix":4},"sa":{"a":0,"k":0,"ix":5},"nm":"Transform"}],"nm":"Group 6","np":2,"cix":2,"ix":1,"mn":"ADBE Vector Group","hd":false}],"ip":0,"op":126,"st":0,"bm":0},{"ddd":0,"ind":8,"ty":4,"nm":"Group 7","parent":1,"sr":1,"ks":{"o":{"a":0,"k":95,"ix":11},"r":{"a":0,"k":30,"ix":10,"x":"var $bm_rt;\n$bm_rt = sum(39, mul(time, -215));"},"p":{"a":0,"k":[203.45,-117.146,0],"ix":2},"a":{"a":0,"k":[0,-162.817,0],"ix":1},"s":{"a":1,"k":[{"i":{"x":[0.667,0.667,0.667],"y":[1,1,1]},"o":{"x":[0.333,0.333,0.333],"y":[0,0,0]},"n":["0p667_1_0p333_0","0p667_1_0p333_0","0p667_1_0p333_0"],"t":0,"s":[70,70,100],"e":[90,90,100]},{"i":{"x":[0.667,0.667,0.667],"y":[1,1,1]},"o":{"x":[0.333,0.333,0.333],"y":[0,0,0]},"n":["0p667_1_0p333_0","0p667_1_0p333_0","0p667_1_0p333_0"],"t":31.5,"s":[90,90,100],"e":[70,70,100]},{"t":63}],"ix":6,"x":"var $bm_rt;\nif (time <= key(1).time)\n    $bm_rt = loopIn('cycle');\nelse\n    $bm_rt = loopOut('cycle');"}},"ao":0,"shapes":[{"ty":"gr","it":[{"ind":0,"ty":"sh","ix":1,"ks":{"a":0,"k":{"i":[[-89.922,0],[0,-89.922],[89.922,0],[0,89.922]],"o":[[89.922,0],[0,89.922],[-89.922,0],[0,-89.922]],"v":[[0,-162.817],[162.817,0],[0,162.817],[-162.817,0]],"c":true},"ix":2},"nm":"Path 1","mn":"ADBE Vector Shape - Group","hd":false},{"ty":"fl","c":{"a":0,"k":[0.196078434587,0.57647061348,0.741176486015,1],"ix":4},"o":{"a":0,"k":100,"ix":5},"r":1,"nm":"Fill 1","mn":"ADBE Vector Graphic - Fill","hd":false},{"ty":"tr","p":{"a":0,"k":[0,0],"ix":2},"a":{"a":0,"k":[0,0],"ix":1},"s":{"a":0,"k":[100,100],"ix":3},"r":{"a":0,"k":0,"ix":6},"o":{"a":0,"k":100,"ix":7},"sk":{"a":0,"k":0,"ix":4},"sa":{"a":0,"k":0,"ix":5},"nm":"Transform"}],"nm":"Group 7","np":2,"cix":2,"ix":1,"mn":"ADBE Vector Group","hd":false}],"ip":0,"op":126,"st":0,"bm":0},{"ddd":0,"ind":9,"ty":4,"nm":"Group 8","parent":1,"sr":1,"ks":{"o":{"a":0,"k":95,"ix":11},"r":{"a":0,"k":146,"ix":10,"x":"var $bm_rt;\n$bm_rt = sum(175, mul(time, 215));"},"p":{"a":0,"k":[82.918,321.954,0],"ix":2},"a":{"a":0,"k":[0,-187.825,0],"ix":1},"s":{"a":1,"k":[{"i":{"x":[0.667,0.667,0.667],"y":[1,1,1]},"o":{"x":[0.333,0.333,0.333],"y":[0,0,0]},"n":["0p667_1_0p333_0","0p667_1_0p333_0","0p667_1_0p333_0"],"t":0,"s":[70,70,100],"e":[90,90,100]},{"i":{"x":[0.667,0.667,0.667],"y":[1,1,1]},"o":{"x":[0.333,0.333,0.333],"y":[0,0,0]},"n":["0p667_1_0p333_0","0p667_1_0p333_0","0p667_1_0p333_0"],"t":31.5,"s":[90,90,100],"e":[70,70,100]},{"t":63}],"ix":6,"x":"var $bm_rt;\nif (time <= key(1).time)\n    $bm_rt = loopIn('cycle');\nelse\n    $bm_rt = loopOut('cycle');"}},"ao":0,"shapes":[{"ty":"gr","it":[{"ind":0,"ty":"sh","ix":1,"ks":{"a":0,"k":{"i":[[-103.733,0],[0,-103.733],[103.733,0],[0,103.733]],"o":[[103.733,0],[0,103.733],[-103.733,0],[0,-103.733]],"v":[[0,-187.825],[187.825,0],[0,187.825],[-187.825,0]],"c":true},"ix":2},"nm":"Path 1","mn":"ADBE Vector Shape - Group","hd":false},{"ty":"fl","c":{"a":0,"k":[0.941176474094,0.486274510622,0.521568655968,1],"ix":4},"o":{"a":0,"k":100,"ix":5},"r":1,"nm":"Fill 1","mn":"ADBE Vector Graphic - Fill","hd":false},{"ty":"tr","p":{"a":0,"k":[0,0],"ix":2},"a":{"a":0,"k":[0,0],"ix":1},"s":{"a":0,"k":[100,100],"ix":3},"r":{"a":0,"k":0,"ix":6},"o":{"a":0,"k":100,"ix":7},"sk":{"a":0,"k":0,"ix":4},"sa":{"a":0,"k":0,"ix":5},"nm":"Transform"}],"nm":"Group 8","np":2,"cix":2,"ix":1,"mn":"ADBE Vector Group","hd":false}],"ip":0,"op":126,"st":0,"bm":0},{"ddd":0,"ind":10,"ty":4,"nm":"Group 9","parent":1,"sr":1,"ks":{"o":{"a":0,"k":95,"ix":11},"r":{"a":0,"k":254,"ix":10,"x":"var $bm_rt;\n$bm_rt = sum(90, mul(time, -215));"},"p":{"a":0,"k":[357.966,60,0],"ix":2},"a":{"a":0,"k":[0,-212.833,0],"ix":1},"s":{"a":1,"k":[{"i":{"x":[0.667,0.667,0.667],"y":[1,1,1]},"o":{"x":[0.333,0.333,0.333],"y":[0,0,0]},"n":["0p667_1_0p333_0","0p667_1_0p333_0","0p667_1_0p333_0"],"t":0,"s":[70,70,100],"e":[90,90,100]},{"i":{"x":[0.667,0.667,0.667],"y":[1,1,1]},"o":{"x":[0.333,0.333,0.333],"y":[0,0,0]},"n":["0p667_1_0p333_0","0p667_1_0p333_0","0p667_1_0p333_0"],"t":31.5,"s":[90,90,100],"e":[70,70,100]},{"t":63}],"ix":6,"x":"var $bm_rt;\nif (time <= key(1).time)\n    $bm_rt = loopIn('cycle');\nelse\n    $bm_rt = loopOut('cycle');"}},"ao":0,"shapes":[{"ty":"gr","it":[{"ind":0,"ty":"sh","ix":1,"ks":{"a":0,"k":{"i":[[-117.544,0],[0,-117.544],[117.544,0],[0,117.544]],"o":[[117.544,0],[0,117.544],[-117.544,0],[0,-117.544]],"v":[[0,-212.833],[212.833,0],[0,212.833],[-212.833,0]],"c":true},"ix":2},"nm":"Path 1","mn":"ADBE Vector Shape - Group","hd":false},{"ty":"fl","c":{"a":0,"k":[0,0.760784327984,0.623529434204,1],"ix":4},"o":{"a":0,"k":100,"ix":5},"r":1,"nm":"Fill 1","mn":"ADBE Vector Graphic - Fill","hd":false},{"ty":"tr","p":{"a":0,"k":[0,0],"ix":2},"a":{"a":0,"k":[0,0],"ix":1},"s":{"a":0,"k":[100,100],"ix":3},"r":{"a":0,"k":0,"ix":6},"o":{"a":0,"k":100,"ix":7},"sk":{"a":0,"k":0,"ix":4},"sa":{"a":0,"k":0,"ix":5},"nm":"Transform"}],"nm":"Group 9","np":2,"cix":2,"ix":1,"mn":"ADBE Vector Group","hd":false}],"ip":0,"op":126,"st":0,"bm":0},{"ddd":0,"ind":11,"ty":4,"nm":"Group 10","parent":1,"sr":1,"ks":{"o":{"a":0,"k":95,"ix":11},"r":{"a":0,"k":302,"ix":10,"x":"var $bm_rt;\n$bm_rt = sum(265, mul(time, 215));"},"p":{"a":0,"k":[-271.709,89.021,0],"ix":2},"a":{"a":0,"k":[0,-237.84,0],"ix":1},"s":{"a":1,"k":[{"i":{"x":[0.667,0.667,0.667],"y":[1,1,1]},"o":{"x":[0.333,0.333,0.333],"y":[0,0,0]},"n":["0p667_1_0p333_0","0p667_1_0p333_0","0p667_1_0p333_0"],"t":0,"s":[70,70,100],"e":[90,90,100]},{"i":{"x":[0.667,0.667,0.667],"y":[1,1,1]},"o":{"x":[0.333,0.333,0.333],"y":[0,0,0]},"n":["0p667_1_0p333_0","0p667_1_0p333_0","0p667_1_0p333_0"],"t":31.5,"s":[90,90,100],"e":[70,70,100]},{"t":63}],"ix":6,"x":"var $bm_rt;\nif (time <= key(1).time)\n    $bm_rt = loopIn('cycle');\nelse\n    $bm_rt = loopOut('cycle');"}},"ao":0,"shapes":[{"ty":"gr","it":[{"ind":0,"ty":"sh","ix":1,"ks":{"a":0,"k":{"i":[[-131.356,0],[0,-131.356],[131.356,0],[0,131.356]],"o":[[131.356,0],[0,131.356],[-131.356,0],[0,-131.356]],"v":[[0,-237.84],[237.84,0],[0,237.84],[-237.84,0]],"c":true},"ix":2},"nm":"Path 1","mn":"ADBE Vector Shape - Group","hd":false},{"ty":"fl","c":{"a":0,"k":[0.925490196078,0.294117647059,0.262745098039,1],"ix":4},"o":{"a":0,"k":100,"ix":5},"r":1,"nm":"Fill 1","mn":"ADBE Vector Graphic - Fill","hd":false},{"ty":"tr","p":{"a":0,"k":[0,0],"ix":2},"a":{"a":0,"k":[0,0],"ix":1},"s":{"a":0,"k":[100,100],"ix":3},"r":{"a":0,"k":0,"ix":6},"o":{"a":0,"k":100,"ix":7},"sk":{"a":0,"k":0,"ix":4},"sa":{"a":0,"k":0,"ix":5},"nm":"Transform"}],"nm":"Group 10","np":2,"cix":2,"ix":1,"mn":"ADBE Vector Group","hd":false}],"ip":0,"op":126,"st":0,"bm":0},{"ddd":0,"ind":12,"ty":4,"nm":"Group 11","parent":1,"sr":1,"ks":{"o":{"a":0,"k":95,"ix":11},"r":{"a":0,"k":451,"ix":10,"x":"var $bm_rt;\n$bm_rt = sum(350, mul(time, -215));"},"p":{"a":0,"k":[-3.9,-302.396,0],"ix":2},"a":{"a":0,"k":[0,-262.848,0],"ix":1},"s":{"a":1,"k":[{"i":{"x":[0.667,0.667,0.667],"y":[1,1,1]},"o":{"x":[0.333,0.333,0.333],"y":[0,0,0]},"n":["0p667_1_0p333_0","0p667_1_0p333_0","0p667_1_0p333_0"],"t":0,"s":[70,70,100],"e":[90,90,100]},{"i":{"x":[0.667,0.667,0.667],"y":[1,1,1]},"o":{"x":[0.333,0.333,0.333],"y":[0,0,0]},"n":["0p667_1_0p333_0","0p667_1_0p333_0","0p667_1_0p333_0"],"t":31.5,"s":[90,90,100],"e":[70,70,100]},{"t":63}],"ix":6,"x":"var $bm_rt;\nif (time <= key(1).time)\n    $bm_rt = loopIn('cycle');\nelse\n    $bm_rt = loopOut('cycle');"}},"ao":0,"shapes":[{"ty":"gr","it":[{"ind":0,"ty":"sh","ix":1,"ks":{"a":0,"k":{"i":[[-145.167,0],[0,-145.167],[145.167,0],[0,145.167]],"o":[[145.167,0],[0,145.167],[-145.167,0],[0,-145.167]],"v":[[0,-262.848],[262.848,0],[0,262.848],[-262.848,0]],"c":true},"ix":2},"nm":"Path 1","mn":"ADBE Vector Shape - Group","hd":false},{"ty":"fl","c":{"a":0,"k":[0.454901960784,0.349019607843,0.63137254902,1],"ix":4},"o":{"a":0,"k":100,"ix":5},"r":1,"nm":"Fill 1","mn":"ADBE Vector Graphic - Fill","hd":false},{"ty":"tr","p":{"a":0,"k":[0,0],"ix":2},"a":{"a":0,"k":[0,0],"ix":1},"s":{"a":0,"k":[100,100],"ix":3},"r":{"a":0,"k":0,"ix":6},"o":{"a":0,"k":100,"ix":7},"sk":{"a":0,"k":0,"ix":4},"sa":{"a":0,"k":0,"ix":5},"nm":"Transform"}],"nm":"Group 11","np":2,"cix":2,"ix":1,"mn":"ADBE Vector Group","hd":false}],"ip":0,"op":126,"st":0,"bm":0},{"ddd":0,"ind":13,"ty":4,"nm":"Group 12","parent":1,"sr":1,"ks":{"o":{"a":0,"k":95,"ix":11},"r":{"a":0,"k":389,"ix":10,"x":"var $bm_rt;\n$bm_rt = sum(15, mul(time, 215));"},"p":{"a":0,"k":[164.303,-329.266,0],"ix":2},"a":{"a":0,"k":[0,-287.855,0],"ix":1},"s":{"a":1,"k":[{"i":{"x":[0.667,0.667,0.667],"y":[1,1,1]},"o":{"x":[0.333,0.333,0.333],"y":[0,0,0]},"n":["0p667_1_0p333_0","0p667_1_0p333_0","0p667_1_0p333_0"],"t":0,"s":[70,70,100],"e":[90,90,100]},{"i":{"x":[0.667,0.667,0.667],"y":[1,1,1]},"o":{"x":[0.333,0.333,0.333],"y":[0,0,0]},"n":["0p667_1_0p333_0","0p667_1_0p333_0","0p667_1_0p333_0"],"t":31.5,"s":[90,90,100],"e":[70,70,100]},{"t":63}],"ix":6,"x":"var $bm_rt;\nif (time <= key(1).time)\n    $bm_rt = loopIn('cycle');\nelse\n    $bm_rt = loopOut('cycle');"}},"ao":0,"shapes":[{"ty":"gr","it":[{"ind":0,"ty":"sh","ix":1,"ks":{"a":0,"k":{"i":[[0,-158.978],[158.978,0],[0,158.978],[-158.978,0]],"o":[[0,158.978],[-158.978,0],[0,-158.978],[158.978,0]],"v":[[287.855,0],[0,287.855],[-287.855,0],[0,-287.855]],"c":true},"ix":2},"nm":"Path 1","mn":"ADBE Vector Shape - Group","hd":false},{"ty":"fl","c":{"a":0,"k":[0.988235294819,0.929411768913,0.35686275363,1],"ix":4},"o":{"a":0,"k":100,"ix":5},"r":1,"nm":"Fill 1","mn":"ADBE Vector Graphic - Fill","hd":false},{"ty":"tr","p":{"a":0,"k":[0,0],"ix":2},"a":{"a":0,"k":[0,0],"ix":1},"s":{"a":0,"k":[100,100],"ix":3},"r":{"a":0,"k":0,"ix":6},"o":{"a":0,"k":100,"ix":7},"sk":{"a":0,"k":0,"ix":4},"sa":{"a":0,"k":0,"ix":5},"nm":"Transform"}],"nm":"Group 12","np":2,"cix":2,"ix":1,"mn":"ADBE Vector Group","hd":false}],"ip":0,"op":126,"st":0,"bm":0}]}